accession	organism_name	species_taxid	ftp_path
GCF_000011985.1	Lactobacillus acidophilus NCFM	1579	https://ftp.ncbi.nlm.nih.gov/genomes/all/GCF/000/011/985/GCF_000011985.1_ASM1198v1/
GCF_000014505.1	Pediococcus pentosaceus ATCC 25745	1255	https://ftp.ncbi.nlm.nih.gov/genomes/all/GCF/000/014/505/GCF_000014505.1_ASM1450v1/
GCF_000155515.2	Lacticaseibacillus paracasei subsp. paracasei 8700:2	1597	https://ftp.ncbi.nlm.nih.gov/genomes/all/GCF/000/155/515/GCF_000155515.2_ASM15551v2/
GCF_000159455.2	Limosilactobacillus reuteri SD2112	1598	https://ftp.ncbi.nlm.nih.gov/genomes/all/GCF/000/159/455/GCF_000159455.2_ASM15945v2/
GCF_000194785.1	Lacticaseibacillus paracasei	1597	https://ftp.ncbi.nlm.nih.gov/genomes/all/GCF/000/194/785/GCF_000194785.1_ASM19478v1/
GCF_000233755.1	Lacticaseibacillus rhamnosus ATCC 8530	47715	https://ftp.ncbi.nlm.nih.gov/genomes/all/GCF/000/233/755/GCF_000233755.1_ASM23375v1/
GCF_000708635.2	Pediococcus pentosaceus CGMCC 7049	1255	https://ftp.ncbi.nlm.nih.gov/genomes/all/GCF/000/708/635/GCF_000708635.2_ASM70863v2/
GCF_000750535.1	Weissella ceti	759620	https://ftp.ncbi.nlm.nih.gov/genomes/all/GCF/000/750/535/GCF_000750535.1_ASM75053v1/
GCF_001891125.1	Leuconostoc suionicum	1511761	https://ftp.ncbi.nlm.nih.gov/genomes/all/GCF/001/891/125/GCF_001891125.1_ASM189112v1/
GCF_002117345.1	Levilactobacillus brevis	1580	https://ftp.ncbi.nlm.nih.gov/genomes/all/GCF/002/117/345/GCF_002117345.1_ASM211734v1/
GCF_002224505.1	Latilactobacillus curvatus	28038	https://ftp.ncbi.nlm.nih.gov/genomes/all/GCF/002/224/505/GCF_002224505.1_ASM222450v1/
GCF_002442835.1	Lacticaseibacillus paracasei	1597	https://ftp.ncbi.nlm.nih.gov/genomes/all/GCF/002/442/835/GCF_002442835.1_ASM244283v1/
GCF_002849895.1	Companilactobacillus alimentarius DSM 20249	1602	https://ftp.ncbi.nlm.nih.gov/genomes/all/GCF/002/849/895/GCF_002849895.1_ASM284989v1/
GCF_002901165.3	Lacticaseibacillus paracasei subsp. paracasei	1597	https://ftp.ncbi.nlm.nih.gov/genomes/all/GCF/002/901/165/GCF_002901165.3_ASM290116v3/
GCF_002982135.1	Pediococcus inopinatus	114090	https://ftp.ncbi.nlm.nih.gov/genomes/all/GCF/002/982/135/GCF_002982135.1_ASM298213v1/
GCF_003255875.1	Limosilactobacillus fermentum	1613	https://ftp.ncbi.nlm.nih.gov/genomes/all/GCF/003/255/875/GCF_003255875.1_ASM325587v1/
GCF_003428395.1	Lactobacillus johnsonii	33959	https://ftp.ncbi.nlm.nih.gov/genomes/all/GCF/003/428/395/GCF_003428395.1_ASM342839v1/
GCF_003433375.1	Leuconostoc mesenteroides	1245	https://ftp.ncbi.nlm.nih.gov/genomes/all/GCF/003/433/375/GCF_003433375.1_ASM343337v1/
GCF_003433395.1	Lacticaseibacillus rhamnosus	47715	https://ftp.ncbi.nlm.nih.gov/genomes/all/GCF/003/433/395/GCF_003433395.1_ASM343339v1/
GCF_003971565.1	Lactobacillus crispatus	47770	https://ftp.ncbi.nlm.nih.gov/genomes/all/GCF/003/971/565/GCF_003971565.1_ASM397156v1/
GCF_007923185.1	Pediococcus pentosaceus	1255	https://ftp.ncbi.nlm.nih.gov/genomes/all/GCF/007/923/185/GCF_007923185.1_ASM792318v1/
GCF_008033175.1	Leuconostoc pseudomesenteroides	33968	https://ftp.ncbi.nlm.nih.gov/genomes/all/GCF/008/033/175/GCF_008033175.1_ASM803317v1/
GCF_009498395.1	Lactobacillus helveticus	1587	https://ftp.ncbi.nlm.nih.gov/genomes/all/GCF/009/498/395/GCF_009498395.1_ASM949839v1/
GCF_009931715.1	Lacticaseibacillus paracasei	1597	https://ftp.ncbi.nlm.nih.gov/genomes/all/GCF/009/931/715/GCF_009931715.1_ASM993171v1/
GCF_013363915.1	Lactobacillus gasseri	1596	https://ftp.ncbi.nlm.nih.gov/genomes/all/GCF/013/363/915/GCF_013363915.1_ASM1336391v1/
GCF_014789145.1	Weissella viridescens	1629	https://ftp.ncbi.nlm.nih.gov/genomes/all/GCF/014/789/145/GCF_014789145.1_ASM1478914v1/
GCF_015693945.1	Lacticaseibacillus paracasei subsp. tolerans	1597	https://ftp.ncbi.nlm.nih.gov/genomes/all/GCF/015/693/945/GCF_015693945.1_ASM1569394v1/
GCF_016599675.1	Lacticaseibacillus rhamnosus	47715	https://ftp.ncbi.nlm.nih.gov/genomes/all/GCF/016/599/675/GCF_016599675.1_ASM1659967v2/
GCF_016757695.1	Lacticaseibacillus paracasei subsp. tolerans	1597	https://ftp.ncbi.nlm.nih.gov/genomes/all/GCF/016/757/695/GCF_016757695.1_ASM1675769v1/
GCF_017638905.1	Lacticaseibacillus paracasei	1597	https://ftp.ncbi.nlm.nih.gov/genomes/all/GCF/017/638/905/GCF_017638905.1_ASM1763890v1/
GCF_020412465.1	Limosilactobacillus reuteri	1598	https://ftp.ncbi.nlm.nih.gov/genomes/all/GCF/020/412/465/GCF_020412465.1_ASM2041246v1/
GCF_023920145.1	Oenococcus oeni	1247	https://ftp.ncbi.nlm.nih.gov/genomes/all/GCF/023/920/145/GCF_023920145.1_ASM2392014v1/
GCF_024029355.1	Fructilactobacillus cliffordii	2940299	https://ftp.ncbi.nlm.nih.gov/genomes/all/GCF/024/029/355/GCF_024029355.1_ASM2402935v1/
GCF_024029915.1	Fructilactobacillus ixorae	1750535	https://ftp.ncbi.nlm.nih.gov/genomes/all/GCF/024/029/915/GCF_024029915.1_ASM2402991v1/
GCF_024158965.2	Lacticaseibacillus paracasei	1597	https://ftp.ncbi.nlm.nih.gov/genomes/all/GCF/024/158/965/GCF_024158965.2_ASM2415896v2/
GCF_024172665.1	Latilactobacillus curvatus	28038	https://ftp.ncbi.nlm.nih.gov/genomes/all/GCF/024/172/665/GCF_024172665.1_ASM2417266v1/
GCF_024397415.1	Lacticaseibacillus rhamnosus	47715	https://ftp.ncbi.nlm.nih.gov/genomes/all/GCF/024/397/415/GCF_024397415.1_ASM2439741v1/
GCF_024637915.1	Lacticaseibacillus paracasei	1597	https://ftp.ncbi.nlm.nih.gov/genomes/all/GCF/024/637/915/GCF_024637915.1_ASM2463791v1/
GCF_024652885.1	Limosilactobacillus reuteri	1598	https://ftp.ncbi.nlm.nih.gov/genomes/all/GCF/024/652/885/GCF_024652885.1_ASM2465288v1/
GCF_024927945.1	Lactobacillus helveticus	1587	https://ftp.ncbi.nlm.nih.gov/genomes/all/GCF/024/927/945/GCF_024927945.1_ASM2492794v1/
GCF_025137495.1	Lacticaseibacillus paracasei	1597	https://ftp.ncbi.nlm.nih.gov/genomes/all/GCF/025/137/495/GCF_025137495.1_ASM2513749v1/
GCF_025311475.1	Ligilactobacillus agilis	1601	https://ftp.ncbi.nlm.nih.gov/genomes/all/GCF/025/311/475/GCF_025311475.1_ASM2531147v1/
GCF_025946725.1	Lacticaseibacillus paracasei subsp. tolerans	1597	https://ftp.ncbi.nlm.nih.gov/genomes/all/GCF/025/946/725/GCF_025946725.1_ASM2594672v1/
GCF_025960345.1	Lactobacillus delbrueckii subsp. indicus	1584	https://ftp.ncbi.nlm.nih.gov/genomes/all/GCF/025/960/345/GCF_025960345.1_ASM2596034v1/
GCF_026183435.1	Limosilactobacillus reuteri	1598	https://ftp.ncbi.nlm.nih.gov/genomes/all/GCF/026/183/435/GCF_026183435.1_ASM2618343v1/
GCF_029010235.1	Lactobacillus gasseri	1596	https://ftp.ncbi.nlm.nih.gov/genomes/all/GCF/029/010/235/GCF_029010235.1_ASM2901023v1/
GCF_029011155.1	Lactobacillus crispatus	47770	https://ftp.ncbi.nlm.nih.gov/genomes/all/GCF/029/011/155/GCF_029011155.1_ASM2901115v1/
GCF_029011595.1	Lactobacillus crispatus	47770	https://ftp.ncbi.nlm.nih.gov/genomes/all/GCF/029/011/595/GCF_029011595.1_ASM2901159v1/
GCF_029025725.1	Pediococcus acidilactici	1254	https://ftp.ncbi.nlm.nih.gov/genomes/all/GCF/029/025/725/GCF_029025725.1_ASM2902572v1/
GCF_029691425.1	Limosilactobacillus fermentum	1613	https://ftp.ncbi.nlm.nih.gov/genomes/all/GCF/029/691/425/GCF_029691425.1_ASM2969142v1/
GCF_030034775.1	Lacticaseibacillus rhamnosus	47715	https://ftp.ncbi.nlm.nih.gov/genomes/all/GCF/030/034/775/GCF_030034775.1_ASM3003477v1/
GCF_030062785.1	Ligilactobacillus salivarius	1624	https://ftp.ncbi.nlm.nih.gov/genomes/all/GCF/030/062/785/GCF_030062785.1_ASM3006278v1/
GCF_030291815.1	Pediococcus pentosaceus	1255	https://ftp.ncbi.nlm.nih.gov/genomes/all/GCF/030/291/815/GCF_030291815.1_ASM3029181v1/
GCF_030480385.1	Lacticaseibacillus rhamnosus	47715	https://ftp.ncbi.nlm.nih.gov/genomes/all/GCF/030/480/385/GCF_030480385.1_ASM3048038v1/
GCF_030520065.1	Lactobacillus acidophilus	1579	https://ftp.ncbi.nlm.nih.gov/genomes/all/GCF/030/520/065/GCF_030520065.1_ASM3052006v1/
GCF_030721705.1	Limosilactobacillus reuteri	1598	https://ftp.ncbi.nlm.nih.gov/genomes/all/GCF/030/721/705/GCF_030721705.1_ASM3072170v1/
GCF_032463545.1	Lactobacillus johnsonii	33959	https://ftp.ncbi.nlm.nih.gov/genomes/all/GCF/032/463/545/GCF_032463545.1_ASM3246354v1/
GCF_032465935.1	Lacticaseibacillus rhamnosus	47715	https://ftp.ncbi.nlm.nih.gov/genomes/all/GCF/032/465/935/GCF_032465935.1_ASM3246593v1/
GCF_034259105.1	Limosilactobacillus reuteri	1598	https://ftp.ncbi.nlm.nih.gov/genomes/all/GCF/034/259/105/GCF_034259105.1_ASM3425910v1/
GCF_035621415.1	Limosilactobacillus fermentum	1613	https://ftp.ncbi.nlm.nih.gov/genomes/all/GCF/035/621/415/GCF_035621415.1_ASM3562141v1/
GCF_035757545.1	Lactobacillus delbrueckii subsp. bulgaricus	1584	https://ftp.ncbi.nlm.nih.gov/genomes/all/GCF/035/757/545/GCF_035757545.1_ASM3575754v1/
GCF_036689565.1	Latilactobacillus sakei subsp. sakei	1599	https://ftp.ncbi.nlm.nih.gov/genomes/all/GCF/036/689/565/GCF_036689565.1_ASM3668956v1/
GCF_037414355.1	Lactobacillus gasseri	1596	https://ftp.ncbi.nlm.nih.gov/genomes/all/GCF/037/414/355/GCF_037414355.1_ASM3741435v1/
GCF_040954475.1	Lactobacillus acidophilus	1579	https://ftp.ncbi.nlm.nih.gov/genomes/all/GCF/040/954/475/GCF_040954475.1_ASM4095447v1/
GCF_041222795.1	Companilactobacillus pabuli	2714036	https://ftp.ncbi.nlm.nih.gov/genomes/all/GCF/041/222/795/GCF_041222795.1_ASM4122279v1/
GCF_041283745.2	Lacticaseibacillus paracasei	1597	https://ftp.ncbi.nlm.nih.gov/genomes/all/GCF/041/283/745/GCF_041283745.2_ASM4128374v2/
GCF_041893825.1	Lacticaseibacillus paracasei	1597	https://ftp.ncbi.nlm.nih.gov/genomes/all/GCF/041/893/825/GCF_041893825.1_ASM4189382v1/
GCF_042997415.1	Lactobacillus mulieris	2508708	https://ftp.ncbi.nlm.nih.gov/genomes/all/GCF/042/997/415/GCF_042997415.1_ASM4299741v1/
GCF_043634175.1	Leuconostoc suionicum	1511761	https://ftp.ncbi.nlm.nih.gov/genomes/all/GCF/043/634/175/GCF_043634175.1_ASM4363417v1/
GCF_043950145.1	Limosilactobacillus fermentum	1613	https://ftp.ncbi.nlm.nih.gov/genomes/all/GCF/043/950/145/GCF_043950145.1_ASM4395014v1/
GCF_044051715.1	Levilactobacillus parabrevis	357278	https://ftp.ncbi.nlm.nih.gov/genomes/all/GCF/044/051/715/GCF_044051715.1_ASM4405171v1/
GCF_044792165.1	Ligilactobacillus animalis	1605	https://ftp.ncbi.nlm.nih.gov/genomes/all/GCF/044/792/165/GCF_044792165.1_ASM4479216v1/
GCF_045006675.1	Weissella paramesenteroides	1249	https://ftp.ncbi.nlm.nih.gov/genomes/all/GCF/045/006/675/GCF_045006675.1_ASM4500667v1/
GCF_045786175.1	Limosilactobacillus fermentum	1613	https://ftp.ncbi.nlm.nih.gov/genomes/all/GCF/045/786/175/GCF_045786175.1_ASM4578617v1/
GCF_046581365.1	Lactobacillus johnsonii	33959	https://ftp.ncbi.nlm.nih.gov/genomes/all/GCF/046/581/365/GCF_046581365.1_ASM4658136v1/
GCF_046837765.1	Lactobacillus gasseri	1596	https://ftp.ncbi.nlm.nih.gov/genomes/all/GCF/046/837/765/GCF_046837765.1_ASM4683776v1/
GCF_049532865.1	Lacticaseibacillus paracasei	1597	https://ftp.ncbi.nlm.nih.gov/genomes/all/GCF/049/532/865/GCF_049532865.1_ASM4953286v1/
GCF_049930715.1	Lacticaseibacillus paracasei	1597	https://ftp.ncbi.nlm.nih.gov/genomes/all/GCF/049/930/715/GCF_049930715.1_ASM4993071v1/
GCF_049942715.1	Latilactobacillus sakei	1599	https://ftp.ncbi.nlm.nih.gov/genomes/all/GCF/049/942/715/GCF_049942715.1_ASM4994271v1/
GCF_050106585.1	Pediococcus pentosaceus	1255	https://ftp.ncbi.nlm.nih.gov/genomes/all/GCF/050/106/585/GCF_050106585.1_ASM5010658v1/
GCF_050596945.1	Lacticaseibacillus paracasei	1597	https://ftp.ncbi.nlm.nih.gov/genomes/all/GCF/050/596/945/GCF_050596945.1_ASM5059694v1/
GCF_050916625.1	Ligilactobacillus agilis	1601	https://ftp.ncbi.nlm.nih.gov/genomes/all/GCF/050/916/625/GCF_050916625.1_ASM5091662v1/
GCF_051094935.1	Limosilactobacillus fermentum	1613	https://ftp.ncbi.nlm.nih.gov/genomes/all/GCF/051/094/935/GCF_051094935.1_ASM5109493v1/
GCF_051397015.1	Lactobacillus acidophilus	1579	https://ftp.ncbi.nlm.nih.gov/genomes/all/GCF/051/397/015/GCF_051397015.1_ASM5139701v1/
GCF_051903945.1	Weissella paramesenteroides	1249	https://ftp.ncbi.nlm.nih.gov/genomes/all/GCF/051/903/945/GCF_051903945.1_ASM5190394v1/
GCF_052402805.1	Pediococcus pentosaceus	1255	https://ftp.ncbi.nlm.nih.gov/genomes/all/GCF/052/402/805/GCF_052402805.1_ASM5240280v1/
GCF_054073585.1	Weissella cibaria	137591	https://ftp.ncbi.nlm.nih.gov/genomes/all/GCF/054/073/585/GCF_054073585.1_ASM5407358v1/
GCF_054461285.1	Lacticaseibacillus paracasei subsp. paracasei	1597	https://ftp.ncbi.nlm.nih.gov/genomes/all/GCF/054/461/285/GCF_054461285.1_ASM5446128v1/
GCF_054570495.1	Ligilactobacillus salivarius	1624	https://ftp.ncbi.nlm.nih.gov/genomes/all/GCF/054/570/495/GCF_054570495.1_ASM5457049v1/
GCF_054962235.1	Leuconostoc mesenteroides	1245	https://ftp.ncbi.nlm.nih.gov/genomes/all/GCF/054/962/235/GCF_054962235.1_ASM5496223v1/
GCF_055449735.1	Lactobacillus crispatus	47770	https://ftp.ncbi.nlm.nih.gov/genomes/all/GCF/055/449/735/GCF_055449735.1_ASM5544973v1/
GCF_056120565.1	Lactobacillus iners	147802	https://ftp.ncbi.nlm.nih.gov/genomes/all/GCF/056/120/565/GCF_056120565.1_ASM5612056v1/
GCF_056485265.1	Lactobacillus delbrueckii subsp. bulgaricus	1584	https://ftp.ncbi.nlm.nih.gov/genomes/all/GCF/056/485/265/GCF_056485265.1_ASM5648526v1/
GCF_900234345.1	Latilactobacillus sakei	1599	https://ftp.ncbi.nlm.nih.gov/genomes/all/GCF/900/234/345/GCF_900234345.1_FLEC01_assembly_v1/
GCF_963227115.1	Companilactobacillus paralimentarius	83526	https://ftp.ncbi.nlm.nih.gov/genomes/all/GCF/963/227/115/GCF_963227115.1_CpR19081_assembly/
GCF_964062635.1	Pediococcus ethanolidurans	319653	https://ftp.ncbi.nlm.nih.gov/genomes/all/GCF/964/062/635/GCF_964062635.1_Pediococcus_ethanolidurans_CIRM-BIA2669/
GCF_964063315.1	Leuconostoc carnosum	1252	https://ftp.ncbi.nlm.nih.gov/genomes/all/GCF/964/063/315/GCF_964063315.1_Leuconostoc_carnosum_CIRM-BIA2809/
GCF_965638145.1	Lacticaseibacillus paracasei	1597	https://ftp.ncbi.nlm.nih.gov/genomes/all/GCF/965/638/145/GCF_965638145.1_LPKFAL1R_assembly/
GCF_965814075.1	Leuconostoc citreum	33964	https://ftp.ncbi.nlm.nih.gov/genomes/all/GCF/965/814/075/GCF_965814075.1_LCVUB19M7_assembly/
GCF_982374355.1	Latilactobacillus fuchuensis	164393	https://ftp.ncbi.nlm.nih.gov/genomes/all/GCF/982/374/355/GCF_982374355.1_Latilactobacillus_fuchuensis_MFPB42D0601/
